Activity Type,Date,Favorite,Title,Distance,Calories,Time,Avg HR,Max HR,Aerobic TE,Avg Cadence,Max Cadence,Avg Pace,Best Pace,Elev Gain,Elev Loss,Avg Stride Length,Avg Vertical Ratio,Avg Vertical Oscillation,Avg Ground Contact Time,Avg GCT Balance,Normalized Power® (NP®),L/R Balance,Training Stress Score®,Max Avg Power (20 min),Power,Max Power,Total Strokes,Avg. Swolf,Avg Stroke Rate
running,2017-07-31 19:51:18,false,Mount Kisco Running,5.1,575,36:47,--,--,0,162,173,7:13,5:43,475,507,1.38,0,0,--,--,--,--,0,--,--,--,--,--,--
running,2017-07-22 12:39:55,false,Central Toronto (The Annex / North Midtown / Yorkville) Running,8,885,57:26,--,--,0,163,187,7:10,6:22,87,122,1.38,0,0,--,--,--,--,0,--,--,--,--,--,--
running,2017-07-20 17:30:15,false,Downtown Toronto (University of Toronto / Harbord) Running,6.02,659,41:38,--,--,0,164,174,6:55,5:59,58,58,1.42,0,0,--,--,--,--,0,--,--,--,--,--,--
running,2017-07-18 18:15:16,false,Downtown Toronto (University of Toronto / Harbord) Running,0.51,55,3:32.3,--,--,0,166,171,6:54,6:13,7,13,1.41,0,0,--,--,--,--,0,--,--,--,--,--,--
running,2017-07-18 17:42:31,false,Downtown Toronto (University of Toronto / Harbord) Running,4.26,478,29:02,--,--,0,163,173,6:48,6:09,27,27,1.45,0,0,--,--,--,--,0,--,--,--,--,--,--
running,2017-07-17 21:28:29,false,Downtown Toronto (University of Toronto / Harbord) Running,2.05,230,14:54,--,--,0,159,176,7:16,6:01,27,27,1.39,0,0,--,--,--,--,0,--,--,--,--,--,--
running,2017-07-15 11:47:53,false,Downtown Toronto (University of Toronto / Harbord) Running,8.01,898,54:59,--,--,0,163,178,6:52,6:08,173,173,1.44,0,0,--,--,--,--,0,--,--,--,--,--,--
other,2017-07-14 16:48:14,false,Downtown Toronto (University of Toronto / Harbord) Dynamic,6.02,612,42:18,--,--,0,162,172,8.5,10.8,187,187,1.42,0,0,--,--,--,--,0,--,--,--,--,--,--
running,2017-07-13 16:04:08,false,Downtown Toronto (University of Toronto / Harbord) Running,4.3,487,28:51,--,--,0,164,171,6:43,6:17,13,13,1.46,0,0,--,--,--,--,0,--,--,--,--,--,--
running,2017-07-10 17:35:38,false,Downtown Toronto (University of Toronto / Harbord) Running,6.01,673,41:21,--,--,0,162,204,6:53,5:43,107,107,1.44,0,0,--,--,--,--,0,--,--,--,--,--,--
other,2017-07-08 10:44:03,false,Downtown Toronto (University of Toronto / Harbord) Dynamic,7.05,709,50:56,--,--,0,161,202,8.3,10.8,122,122,1.38,0,0,--,--,--,--,0,--,--,--,--,--,--
running,2017-07-06 17:23:07,false,Mount Kisco Running,0.78,74,9:25.0,--,--,0,144,237,12:01,4:47,226,98,0.87,0,0,--,--,--,--,0,--,--,--,--,--,--
running,2017-07-06 17:20:20,false,Mount Kisco Running,0.25,30,2:12.1,--,--,0,155,164,8:56,6:57,6,36,1.16,0,0,--,--,--,--,0,--,--,--,--,--,--
running,2017-07-04 18:06:40,false,Tarrytown Running,5.63,641,38:54,--,--,0,164,176,6:54,6:10,453,452,1.43,0,0,--,--,--,--,0,--,--,--,--,--,--
running,2017-07-03 18:28:46,false,Tarrytown Running,6.05,686,44:12,--,--,0,160,170,7:19,6:21,533,539,1.38,0,0,--,--,--,--,0,--,--,--,--,--,--
running,2017-07-03 18:11:13,false,Tarrytown Running,1.32,149,10:02,--,--,0,158,168,7:36,6:59,74,77,1.34,0,0,--,--,--,--,0,--,--,--,--,--,--
running,2017-06-30 17:25:57,false,Tarrytown Running,6.02,676,42:57,--,--,0,162,173,7:08,6:12,466,465,1.39,0,0,--,--,--,--,0,--,--,--,--,--,--
running,2017-06-30 17:08:18,false,Tarrytown Running,1.31,145,9:43.1,--,--,0,159,176,7:26,6:44,43,36,1.36,0,0,--,--,--,--,0,--,--,--,--,--,--
running,2017-06-29 17:28:27,false,Tarrytown Running,4.92,548,35:14,--,--,0,163,177,7:09,5:44,270,263,1.38,0,0,--,--,--,--,0,--,--,--,--,--,--
running,2017-06-29 17:11:12,false,Running,1.33,153,10:20,--,--,0,157,166,7:45,7:03,--,--,1.32,0,0,--,--,--,--,0,--,--,--,--,--,--
running,2017-06-27 17:28:46,false,Tarrytown Running,4.73,518,35:01,--,--,0,161,220,7:24,6:02,317,315,1.35,0,0,--,--,--,--,0,--,--,--,--,--,--
running,2017-06-27 17:10:06,false,Running,1.26,144,9:46.4,--,--,0,156,164,7:47,7:18,--,--,1.32,0,0,--,--,--,--,0,--,--,--,--,--,--
running,2017-06-26 17:24:48,false,Tarrytown Running,4.92,547,35:32,--,--,0,162,174,7:14,6:25,358,349,1.37,0,0,--,--,--,--,0,--,--,--,--,--,--
running,2017-06-26 17:07:07,false,Tarrytown Running,1.21,141,9:45.1,--,--,0,157,164,8:03,6:47,--,4,1.28,0,0,--,--,--,--,0,--,--,--,--,--,--
running,2017-06-23 12:16:14,false,Pound Ridge Running,3.05,340,22:19,--,--,0,158,166,7:18,6:46,65,48,1.39,0,0,--,--,--,--,0,--,--,--,--,--,--
running,2017-06-20 09:07:00,false,Millwood Running,6.01,677,43:35,--,--,0,161,168,7:15,6:28,237,240,1.38,0,0,--,--,--,--,0,--,--,--,--,--,--
running,2017-06-17 09:05:23,false,Tarrytown Running,5.83,663,43:28,--,--,0,161,168,7:28,6:28,353,344,1.34,0,0,--,--,--,--,0,--,--,--,--,--,--
running,2017-06-01 14:51:54,false,Chappaqua Running,2.01,228,14:14,--,--,0,162,172,7:05,5:55,44,32,1.4,0,0,--,--,--,--,0,--,--,--,--,--,--
running,2017-05-30 15:41:07,false,Chappaqua Running,4.31,486,32:02,--,--,0,162,179,7:26,6:42,319,319,1.33,0,0,--,--,--,--,0,--,--,--,--,--,--
running,2017-05-30 15:18:11,false,Chappaqua Running,0.88,98,6:41.7,--,--,0,161,168,7:34,6:40,23,18,1.32,0,0,--,--,--,--,0,--,--,--,--,--,--
running,2017-05-27 10:24:52,false,Mount Kisco Running,3.41,388,28:06,--,--,0,159,170,8:15,6:22,225,243,1.22,0,0,--,--,--,--,0,--,--,--,--,--,--
running,2017-05-23 15:06:52,false,Chappaqua Running,5.01,556,35:43,--,--,0,162,176,7:08,5:49,312,314,1.39,0,0,--,--,--,--,0,--,--,--,--,--,--
running,2017-05-22 16:18:44,false,Pleasantville Running,0.26,23,1:07.9,--,--,0,192,206,4:23,4:04,--,8,1.91,0,0,--,--,--,--,0,--,--,--,--,--,--
running,2017-05-22 16:13:53,false,Pleasantville Running,0.51,50,2:23.3,--,--,0,189,199,4:39,4:24,--,10,1.83,0,0,--,--,--,--,0,--,--,--,--,--,--
running,2017-05-22 16:11:33,false,Pleasantville Running,0.25,23,1:09.5,--,--,0,192,202,4:33,3:57,--,12,1.84,0,0,--,--,--,--,0,--,--,--,--,--,--
running,2017-05-22 16:00:22,false,Pleasantville Running,0.25,23,1:08.9,--,--,0,192,204,4:31,4:03,--,5,1.85,0,0,--,--,--,--,0,--,--,--,--,--,--
running,2017-05-22 15:55:40,false,Pleasantville Running,0.52,50,2:21.3,--,--,0,189,197,4:31,4:05,--,7,1.89,0,0,--,--,--,--,0,--,--,--,--,--,--
running,2017-05-22 15:53:25,false,Pleasantville Running,0.25,24,1:12.6,--,--,0,187,196,4:46,4:17,--,6,1.8,0,0,--,--,--,--,0,--,--,--,--,--,--
running,2017-05-20 13:17:48,false,Armonk Running,0.84,95,7:08.3,--,--,0,156,171,8:28,5:16,39,37,1.22,0,0,--,--,--,--,0,--,--,--,--,--,--
running,2017-05-18 15:36:57,false,Chappaqua Running,3.3,366,23:15,--,--,0,161,179,7:03,5:40,190,172,1.42,0,0,--,--,--,--,0,--,--,--,--,--,--
running,2017-05-18 15:16:08,false,Chappaqua Running,0.94,105,7:45.6,--,--,0,157,164,8:16,6:48,23,22,1.24,0,0,--,--,--,--,0,--,--,--,--,--,--
running,2017-05-15 15:41:05,false,Chappaqua Running,6.42,719,46:49,--,--,0,162,249,7:18,5:23,359,358,0,0,0,--,--,--,--,0,--,--,--,--,--,--
running,2017-05-12 14:48:22,false,West Harrison Running,4.18,476,32:28,--,--,0,161,230,7:46,6:30,354,347,0,0,0,--,--,--,--,0,--,--,--,--,--,--
running,2017-05-09 15:35:42,false,Chappaqua Running,7.34,824,55:09,--,--,0,164,227,7:31,6:01,494,484,0,0,0,--,--,--,--,0,--,--,--,--,--,--
running,2017-05-09 15:19:17,false,Chappaqua Running,0.7,79,5:00.6,--,--,0,165,180,7:07,6:18,20,21,0,0,0,--,--,--,--,0,--,--,--,--,--,--
running,2017-05-08 16:23:24,false,Pleasantville Running,0.99,112,7:59.8,--,--,0,161,170,8:06,7:35,23,--,0,0,0,--,--,--,--,0,--,--,--,--,--,--
running,2017-05-08 15:54:27,false,Pleasantville Running,2.24,203,26:14,--,--,0,171,206,11:44,2:43,10,12,0,0,0,--,--,--,--,0,--,--,--,--,--,--
running,2017-05-08 15:38:07,false,Pleasantville Running,0.49,55,3:27.2,--,--,0,164,170,7:01,6:28,--,--,0,0,0,--,--,--,--,0,--,--,--,--,--,--
running,2017-05-08 15:26:21,false,Running,0.54,60,3:26.9,--,--,0,166,172,6:26,5:46,--,--,0,0,0,--,--,--,--,0,--,--,--,--,--,--
running,2017-05-05 15:12:20,false,Chappaqua Running,2.44,278,18:53,--,--,0,160,175,7:44,5:44,228,234,0,0,0,--,--,--,--,0,--,--,--,--,--,--
running,2017-05-03 16:45:43,false,Pleasantville Running,1.02,113,7:39.0,--,--,0,164,170,7:31,6:53,--,15,1.3,0,0,--,--,--,--,0,--,--,--,--,--,--
running,2017-05-03 16:13:05,false,Pleasantville Running,3.62,376,24:19,--,--,0,167,213,6:43,3:41,23,32,1.43,0,0,--,--,--,--,0,--,--,--,--,--,--
running,2017-05-02 16:39:23,false,Running,2.46,281,18:02,--,--,0,162,175,7:19,5:57,--,--,1.35,0,0,--,--,--,--,0,--,--,--,--,--,--
running,2017-05-01 15:29:10,false,Chappaqua Running,8.74,981,1:02:20,--,--,0,164,211,7:08,5:50,473,472,1.38,0,0,--,--,--,--,0,--,--,--,--,--,--
running,2017-04-29 14:32:38,false,West Nyack Running,0.77,88,6:12.5,--,--,0,159,170,8:05,7:06,59,64,1.25,0,0,--,--,--,--,0,--,--,--,--,--,--
running,2017-04-28 15:02:21,false,Chappaqua Running,3.01,341,22:20,--,--,0,163,171,7:26,6:02,45,49,1.33,0,0,--,--,--,--,0,--,--,--,--,--,--
running,2017-04-27 15:39:49,false,Chappaqua Running,7.79,886,58:16,--,--,0,163,176,7:29,6:07,348,344,1.32,0,0,--,--,--,--,0,--,--,--,--,--,--
running,2017-04-27 15:16:47,false,Chappaqua Running,0.83,94,6:34.1,--,--,0,160,168,7:52,6:55,24,21,1.28,0,0,--,--,--,--,0,--,--,--,--,--,--
running,2017-04-26 17:08:45,false,Ossining Running,0.33,21,4:02.5,--,--,0,162,239,12:15,3:01,--,--,0.81,0,0,--,--,--,--,0,--,--,--,--,--,--
running,2017-04-26 16:49:20,false,Ossining Running,2.73,303,17:13,--,--,0,171,184,6:19,5:05,12,7,1.49,0,0,--,--,--,--,0,--,--,--,--,--,--
running,2017-04-26 16:43:23,false,Ossining Running,0.9,98,5:36.6,--,--,0,174,180,6:16,5:34,--,7,1.48,0,0,--,--,--,--,0,--,--,--,--,--,--
running,2016-12-08 15:19:50,false,Running,0.77,83,5:28.6,--,--,0,165,172,7:07,6:15,--,--,1.37,0,0,--,--,--,--,0,--,--,--,--,--,--
running,2016-12-06 15:40:32,false,Chappaqua Running,5.79,624,47:31,--,--,0,164,176,8:12,5:22,387,379,1.2,0,0,--,--,--,--,0,--,--,--,--,--,--
running,2016-12-06 15:20:26,false,Running,0.75,80,5:06.7,--,--,0,165,170,6:48,6:12,--,--,1.44,0,0,--,--,--,--,0,--,--,--,--,--,--
running,2016-12-05 16:13:46,false,Chappaqua Running,0.07,4,0:13.4,--,--,0,192,219,3:08,3:08,--,--,2.67,0,0,--,--,--,--,0,--,--,--,--,--,--
running,2016-12-05 16:12:30,false,Chappaqua Running,0.07,4,0:13.5,--,--,0,176,231,3:13,3:06,--,--,2.85,0,0,--,--,--,--,0,--,--,--,--,--,--
running,2016-12-05 16:11:21,false,Chappaqua Running,0.07,4,0:13.2,--,--,0,143,233,3:16,3:01,--,--,3.44,0,0,--,--,--,--,0,--,--,--,--,--,--
running,2016-12-05 16:10:09,false,Chappaqua Running,0.07,4,0:13.5,--,--,0,181,226,3:24,3:14,--,--,2.61,0,0,--,--,--,--,0,--,--,--,--,--,--
running,2016-12-05 16:08:58,false,Chappaqua Running,0.07,4,0:13.4,--,--,0,190,231,3:19,3:08,--,--,2.56,0,0,--,--,--,--,0,--,--,--,--,--,--
running,2016-12-05 16:07:46,false,Chappaqua Running,0.07,4,0:13.8,--,--,0,179,231,3:17,3:11,--,--,2.73,0,0,--,--,--,--,0,--,--,--,--,--,--
running,2016-12-05 16:06:35,false,Chappaqua Running,0.07,4,0:14.0,--,--,0,164,211,3:31,3:24,--,--,2.79,0,0,--,--,--,--,0,--,--,--,--,--,--
running,2016-12-05 16:05:23,false,Chappaqua Running,0.06,5,0:14.9,--,--,0,195,219,3:54,3:36,--,--,2.12,0,0,--,--,--,--,0,--,--,--,--,--,--
running,2016-12-05 15:49:56,false,Chappaqua Running,1.4,149,11:21,--,--,0,158,171,8:08,7:16,105,87,1.25,0,0,--,--,--,--,0,--,--,--,--,--,--
running,2016-12-05 15:46:17,false,Chappaqua Running,0.07,4,0:13.5,--,--,0,200,226,3:26,3:15,--,--,2.35,0,0,--,--,--,--,0,--,--,--,--,--,--
running,2016-12-05 15:43:53,false,Chappaqua Running,0.07,4,0:13.2,--,--,0,175,228,3:09,3:08,--,--,2.93,0,0,--,--,--,--,0,--,--,--,--,--,--
running,2016-12-05 15:41:29,false,Chappaqua Running,0.06,4,0:13.5,--,--,0,181,226,3:34,3:04,--,--,2.5,0,0,--,--,--,--,0,--,--,--,--,--,--
running,2016-12-05 15:40:23,false,Chappaqua Running,0.06,4,0:13.7,--,--,0,175,223,3:36,3:17,--,--,2.55,0,0,--,--,--,--,0,--,--,--,--,--,--
running,2016-12-05 15:39:14,false,Chappaqua Running,0.07,4,0:14.2,--,--,0,121,123,3:37,3:26,--,--,3.67,0,0,--,--,--,--,0,--,--,--,--,--,--
running,2016-12-05 15:38:06,false,Chappaqua Running,0.07,5,0:15.7,--,--,0,187,209,3:56,2:37,--,--,2.19,0,0,--,--,--,--,0,--,--,--,--,--,--
running,2016-12-05 15:15:30,false,Running,0.8,84,5:30.8,--,--,0,160,236,6:56,5:29,--,--,1.45,0,0,--,--,--,--,0,--,--,--,--,--,--
running,2016-12-02 15:38:00,false,Running,4.3,468,32:11,--,--,0,163,179,7:29,5:44,--,--,1.32,0,0,--,--,--,--,0,--,--,--,--,--,--
running,2016-12-01 15:32:21,false,Chappaqua Running,6.82,735,49:47,--,--,0,163,177,7:18,3:19,473,473,1.35,0,0,--,--,--,--,0,--,--,--,--,--,--
running,2016-12-01 15:13:24,false,Chappaqua Running,0.84,81,5:26.1,--,--,0,166,178,6:30,0:42,--,--,1.49,0,0,--,--,--,--,0,--,--,--,--,--,--
running,2016-11-29 15:24:38,false,Chappaqua Running,5.97,645,45:05,--,--,0,161,183,7:33,4:16,368,360,1.32,0,0,--,--,--,--,0,--,--,--,--,--,--
running,2016-11-29 15:12:19,false,Running,0.77,81,4:54.8,--,--,0,166,173,6:25,5:53,--,--,1.52,0,0,--,--,--,--,0,--,--,--,--,--,--
running,2016-11-28 16:18:41,false,Chappaqua Running,0.08,7,0:22.5,--,--,0,185,222,4:42,4:03,47,--,1.86,0,0,--,--,--,--,0,--,--,--,--,--,--
running,2016-11-28 16:16:27,false,Chappaqua Running,0.08,7,0:23.3,--,--,0,146,222,4:50,4:18,48,--,2.29,0,0,--,--,--,--,0,--,--,--,--,--,--
running,2016-11-28 16:14:24,false,Chappaqua Running,0.08,6,0:23.6,--,--,0,150,214,5:07,4:10,--,--,2.1,0,0,--,--,--,--,0,--,--,--,--,--,--
running,2016-11-28 16:12:22,false,Chappaqua Running,0.08,7,0:23.5,--,--,0,183,221,4:42,4:13,50,--,1.87,0,0,--,--,--,--,0,--,--,--,--,--,--
running,2016-11-28 16:04:37,false,Chappaqua Running,0.86,92,6:57.6,--,--,0,157,163,8:07,6:36,8,77,1.27,0,0,--,--,--,--,0,--,--,--,--,--,--
running,2016-11-28 16:04:03,false,Chappaqua Running,0.09,8,0:24.4,--,--,0,161,219,4:47,4:13,50,--,2.1,0,0,--,--,--,--,0,--,--,--,--,--,--
running,2016-11-28 16:01:35,false,Chappaqua Running,0.08,6,0:25.3,--,--,0,123,205,5:35,4:40,47,--,2.34,0,0,--,--,--,--,0,--,--,--,--,--,--
running,2016-11-28 15:59:41,false,Chappaqua Running,0.07,6,0:26.2,--,--,0,136,203,6:05,4:58,44,--,1.94,0,0,--,--,--,--,0,--,--,--,--,--,--
running,2016-11-28 15:57:38,false,Chappaqua Running,0.07,6,0:26.0,--,--,0,152,214,5:55,4:29,45,--,1.79,0,0,--,--,--,--,0,--,--,--,--,--,--
running,2016-11-28 15:50:29,false,Chappaqua Running,0.85,92,6:37.8,--,--,0,157,164,7:50,5:48,27,82,1.31,0,0,--,--,--,--,0,--,--,--,--,--,--
running,2016-11-28 15:49:49,false,Chappaqua Running,0.08,9,0:27.9,--,--,0,138,203,5:40,2:03,--,--,2.06,0,0,--,--,--,--,0,--,--,--,--,--,--
running,2016-11-28 15:47:49,false,Chappaqua Running,0.09,9,0:28.1,--,--,0,141,205,5:16,2:09,49,--,2.17,0,0,--,--,--,--,0,--,--,--,--,--,--
running,2016-11-28 15:45:48,false,Chappaqua Running,0.07,6,0:28.2,--,--,0,155,190,6:18,5:55,47,--,1.65,0,0,--,--,--,--,0,--,--,--,--,--,--
running,2016-11-28 15:43:44,false,Chappaqua Running,0.08,7,0:27.6,--,--,0,180,214,6:03,5:00,48,--,1.48,0,0,--,--,--,--,0,--,--,--,--,--,--
running,2016-11-28 15:34:18,false,Chappaqua Running,0.77,81,5:45.0,--,--,0,158,168,7:30,6:55,41,--,1.35,0,0,--,--,--,--,0,--,--,--,--,--,--
running,2016-11-28 15:18:04,false,Chappaqua Running,0.88,102,7:08.8,--,--,0,135,170,8:05,0:51,--,--,1.47,0,0,--,--,--,--,0,--,--,--,--,--,--
running,2016-11-23 12:46:44,false,Chappaqua Running,0.06,4,0:14.6,--,--,0,98,209,4:20,3:36,--,--,3.8,0,0,--,--,--,--,0,--,--,--,--,--,--
running,2016-11-23 12:14:57,false,Chappaqua Running,4,422,24:16,--,--,0,169,184,6:04,5:11,134,141,1.57,0,0,--,--,--,--,0,--,--,--,--,--,--
running,2016-11-23 11:54:45,false,Chappaqua Running,0.74,81,5:33.5,--,--,0,165,177,7:31,6:07,--,--,1.3,0,0,--,--,--,--,0,--,--,--,--,--,--
running,2016-11-22 15:43:05,false,Chappaqua Running,5.41,579,39:23,--,--,0,163,180,7:17,5:57,151,326,1.35,0,0,--,--,--,--,0,--,--,--,--,--,--
running,2016-11-21 16:10:50,false,Chappaqua Running,0.08,7,0:24.4,--,--,0,191,231,5:16,4:38,--,--,1.6,0,0,--,--,--,--,0,--,--,--,--,--,--
running,2016-11-21 16:08:50,false,Chappaqua Running,0.08,7,0:24.8,--,--,0,190,214,5:11,4:37,49,--,1.63,0,0,--,--,--,--,0,--,--,--,--,--,--
running,2016-11-21 16:06:30,false,Chappaqua Running,0.08,7,0:24.2,--,--,0,157,212,5:01,4:34,52,--,2.04,0,0,--,--,--,--,0,--,--,--,--,--,--
running,2016-11-21 15:58:58,false,Chappaqua Running,0.08,7,0:25.6,--,--,0,156,207,5:28,4:50,47,--,1.89,0,0,--,--,--,--,0,--,--,--,--,--,--
running,2016-11-21 15:56:58,false,Chappaqua Running,0.08,7,0:24.9,--,--,0,167,214,5:15,4:48,47,--,1.84,0,0,--,--,--,--,0,--,--,--,--,--,--
running,2016-11-21 15:55:03,false,Chappaqua Running,0.08,8,0:27.5,--,--,0,173,208,5:29,4:29,49,--,1.7,0,0,--,--,--,--,0,--,--,--,--,--,--
running,2016-11-21 15:48:27,false,Chappaqua Running,0.8,88,6:07.7,--,--,0,161,168,7:38,7:12,--,--,1.31,0,0,--,--,--,--,0,--,--,--,--,--,--
running,2016-11-21 15:47:50,false,Running,0.09,8,0:28.4,--,--,0,174,200,5:20,4:11,--,--,1.74,0,0,--,--,--,--,0,--,--,--,--,--,--
running,2016-11-21 15:45:41,false,Running,0.06,5,0:33.9,--,--,0,108,209,9:34,4:10,--,--,1.57,0,0,--,--,--,--,0,--,--,--,--,--,--
running,2016-11-21 15:43:47,false,Running,0.08,7,0:27.3,--,--,0,163,200,5:46,4:11,--,--,1.71,0,0,--,--,--,--,0,--,--,--,--,--,--
running,2016-11-17 15:27:36,false,Running,4.76,510,33:44,--,--,0,163,181,7:05,5:30,--,--,1.4,0,0,--,--,--,--,0,--,--,--,--,--,--
running,2016-11-16 15:30:36,false,Chappaqua Running,3.86,411,28:06,--,--,0,160,177,7:17,6:46,--,--,1.38,0,0,--,--,--,--,0,--,--,--,--,--,--
running,2016-11-15 15:33:56,false,Running,3.73,403,27:50,--,--,0,164,175,7:28,6:00,--,--,1.31,0,0,--,--,--,--,0,--,--,--,--,--,--
running,2016-11-04 15:18:58,false,Chappaqua Running,2.3,246,18:23,--,--,0,165,177,7:59,5:22,123,111,1.22,0,0,--,--,--,--,0,--,--,--,--,--,--
running,2016-11-03 16:01:52,false,Running,0.1,10,0:35.3,--,--,0,177,193,5:45,4:46,--,--,1.58,0,0,--,--,--,--,0,--,--,--,--,--,--
running,2016-11-03 15:59:40,false,Running,0.11,10,0:35.5,--,--,0,173,200,5:28,4:36,--,--,1.7,0,0,--,--,--,--,0,--,--,--,--,--,--
running,2016-11-03 15:57:29,false,Running,0.11,10,0:35.4,--,--,0,175,194,5:35,4:15,--,--,1.64,0,0,--,--,--,--,0,--,--,--,--,--,--
running,2016-11-03 15:55:34,false,Running,0.11,11,0:35.5,--,--,0,183,197,5:17,4:32,--,--,1.67,0,0,--,--,--,--,0,--,--,--,--,--,--
running,2016-11-03 15:31:34,false,Chappaqua Running,2.28,246,17:16,--,--,0,166,207,7:34,2:07,107,92,1.28,0,0,--,--,--,--,0,--,--,--,--,--,--
running,2016-11-03 15:20:28,false,Running,0.74,79,5:20.7,--,--,0,167,183,7:15,4:27,--,--,1.33,0,0,--,--,--,--,0,--,--,--,--,--,--
running,2016-11-02 15:34:15,false,Chappaqua Running,3.21,342,23:32,--,--,0,165,219,7:20,6:02,145,133,1.33,0,0,--,--,--,--,0,--,--,--,--,--,--
running,2016-11-02 15:21:08,false,Chappaqua Running,0.67,71,4:48.2,--,--,0,166,236,7:11,5:15,20,20,1.35,0,0,--,--,--,--,0,--,--,--,--,--,--
running,2016-11-01 16:03:23,false,Chappaqua Running,1.04,109,6:01.6,--,--,0,171,179,5:48,5:32,--,--,1.62,0,0,--,--,--,--,0,--,--,--,--,--,--
running,2016-11-01 15:55:24,false,Chappaqua Running,1.02,107,6:04.3,--,--,0,161,170,5:56,5:32,--,--,1.69,0,0,--,--,--,--,0,--,--,--,--,--,--
running,2016-11-01 15:47:25,false,Chappaqua Running,1.02,105,6:00.5,--,--,0,170,177,5:54,5:33,--,--,1.61,0,0,--,--,--,--,0,--,--,--,--,--,--
running,2016-11-01 15:39:28,false,Chappaqua Running,1.02,107,6:01.4,--,--,0,169,176,5:55,5:37,--,--,1.6,0,0,--,--,--,--,0,--,--,--,--,--,--
running,2016-10-31 15:38:15,false,Running,4.65,502,37:24,--,--,0,162,187,8:03,6:21,--,--,1.24,0,0,--,--,--,--,0,--,--,--,--,--,--
running,2016-10-28 16:11:35,false,Chappaqua Running,0.7,79,5:11.8,--,--,0,166,172,7:28,1:32,21,19,1.3,0,0,--,--,--,--,0,--,--,--,--,--,--
running,2016-10-28 16:01:50,false,Chappaqua Running,0.77,71,6:11.2,--,--,0,134,200,8:05,3:39,--,--,1.49,0,0,--,--,--,--,0,--,--,--,--,--,--
running,2016-10-28 16:01:03,false,Chappaqua Running,0.13,11,0:35.2,--,--,0,138,200,4:28,3:51,--,--,2.61,0,0,--,--,--,--,0,--,--,--,--,--,--
running,2016-10-28 15:35:39,false,Running,2.71,292,20:17,--,--,0,162,173,7:29,5:29,--,--,1.32,0,0,--,--,--,--,0,--,--,--,--,--,--
running,2016-10-27 15:20:31,false,Mount Kisco Running,5.9,631,41:13,--,--,0,163,183,6:59,3:59,152,88,1.41,0,0,--,--,--,--,0,--,--,--,--,--,--
running,2016-10-25 15:44:49,false,Running,5.12,553,43:53,--,--,0,151,221,8:34,4:33,--,--,1.24,0,0,--,--,--,--,0,--,--,--,--,--,--
running,2016-10-24 16:11:30,false,Chappaqua Running,1.05,110,6:01.0,--,--,0,171,179,5:43,5:13,--,--,1.65,0,0,--,--,--,--,0,--,--,--,--,--,--
running,2016-10-24 16:03:31,false,Chappaqua Running,1.02,106,6:10.0,--,--,0,159,172,6:04,5:29,--,--,1.67,0,0,--,--,--,--,0,--,--,--,--,--,--
running,2016-10-24 15:55:32,false,Chappaqua Running,1.01,105,6:01.7,--,--,0,171,193,5:58,5:25,--,--,1.58,0,0,--,--,--,--,0,--,--,--,--,--,--
running,2016-10-24 15:47:32,false,Chappaqua Running,1.01,105,6:01.7,--,--,0,163,178,5:59,5:10,--,--,1.65,0,0,--,--,--,--,0,--,--,--,--,--,--
running,2016-10-24 15:39:37,false,Chappaqua Running,0.93,103,6:01.2,--,--,0,168,187,6:27,3:22,--,--,1.49,0,0,--,--,--,--,0,--,--,--,--,--,--
running,2016-10-21 16:11:53,false,Chappaqua Running,0.98,106,7:29.5,--,--,0,162,170,7:38,7:22,--,--,1.3,0,0,--,--,--,--,0,--,--,--,--,--,--
running,2016-10-21 16:07:37,false,Chappaqua Running,0.12,10,0:34.4,--,--,0,163,200,4:51,3:18,--,--,2.04,0,0,--,--,--,--,0,--,--,--,--,--,--
running,2016-10-21 16:05:05,false,Chappaqua Running,0.12,10,0:35.9,--,--,0,161,197,5:10,4:39,--,--,1.94,0,0,--,--,--,--,0,--,--,--,--,--,--
running,2016-10-21 16:02:33,false,Chappaqua Running,0.12,12,0:36.0,--,--,0,179,207,5:02,4:03,--,--,1.79,0,0,--,--,--,--,0,--,--,--,--,--,--
running,2016-10-21 15:59:57,false,Chappaqua Running,0.12,11,0:37.1,--,--,0,163,191,5:08,4:40,--,--,1.92,0,0,--,--,--,--,0,--,--,--,--,--,--
running,2016-10-21 15:57:26,false,Chappaqua Running,0.12,11,0:37.1,--,--,0,145,193,5:20,4:54,--,--,2.09,0,0,--,--,--,--,0,--,--,--,--,--,--
running,2016-10-21 15:55:02,false,Chappaqua Running,0.12,12,0:37.4,--,--,0,142,194,5:12,4:41,--,--,2.18,0,0,--,--,--,--,0,--,--,--,--,--,--
running,2016-10-21 15:44:17,false,Chappaqua Running,0.68,71,4:00.8,--,--,0,169,181,5:52,5:30,--,--,1.63,0,0,--,--,--,--,0,--,--,--,--,--,--
running,2016-10-21 15:39:18,false,Chappaqua Running,0.67,70,4:00.7,--,--,0,167,214,5:58,5:29,--,--,1.61,0,0,--,--,--,--,0,--,--,--,--,--,--
running,2016-10-21 15:34:18,false,Chappaqua Running,0.66,69,4:00.7,--,--,0,170,200,6:05,5:18,--,--,1.56,0,0,--,--,--,--,0,--,--,--,--,--,--
running,2016-10-21 15:29:19,false,Chappaqua Running,0.66,68,4:00.5,--,--,0,170,176,6:07,5:42,--,--,1.55,0,0,--,--,--,--,0,--,--,--,--,--,--
running,2016-10-20 15:50:53,false,Mount Kisco Running,0.45,51,3:44.8,--,--,0,159,163,8:19,6:10,65,18,1.22,0,0,--,--,--,--,0,--,--,--,--,--,--
running,2016-10-20 15:36:02,false,Chappaqua Running,1.87,206,14:13,--,--,0,163,176,7:37,4:21,44,95,1.29,0,0,--,--,--,--,0,--,--,--,--,--,--
running,2016-10-19 15:53:37,false,Chappaqua Running,5.94,649,46:57,--,--,0,161,171,7:54,0:29,--,137,1.26,0,0,--,--,--,--,0,--,--,--,--,--,--
running,2016-10-17 15:37:35,false,Chappaqua Running,2.62,282,20:19,--,--,0,160,170,7:46,6:34,163,155,1.29,0,0,--,--,--,--,0,--,--,--,--,--,--
running,2016-10-14 15:33:23,false,Chappaqua Running,3.01,323,21:55,--,--,0,163,178,7:17,4:38,36,20,1.35,0,0,--,--,--,--,0,--,--,--,--,--,--
running,2016-10-07 16:16:38,false,Chappaqua Running,0.07,5,0:18.0,--,--,0,165,218,4:31,3:43,--,--,2.16,0,0,--,--,--,--,0,--,--,--,--,--,--
running,2016-10-07 16:13:10,false,Chappaqua Running,0.06,4,0:14.6,--,--,0,112,234,4:00,3:19,--,--,3.6,0,0,--,--,--,--,0,--,--,--,--,--,--
running,2016-10-07 15:42:05,false,Chappaqua Running,3.47,378,26:47,--,--,0,161,206,7:43,3:36,176,158,1.29,0,0,--,--,--,--,0,--,--,--,--,--,--
running,2016-10-06 15:48:09,false,Chappaqua Running,5.19,559,38:55,--,--,0,164,230,7:30,3:33,360,354,1.31,0,0,--,--,--,--,0,--,--,--,--,--,--
running,2016-10-05 16:09:13,false,Chappaqua Running,0.69,72,4:00.4,--,--,0,172,189,5:48,4:08,16,20,1.62,0,0,--,--,--,--,0,--,--,--,--,--,--
running,2016-10-05 16:02:15,false,Chappaqua Running,0.69,73,4:00.4,--,--,0,171,200,5:51,4:00,19,18,1.61,0,0,--,--,--,--,0,--,--,--,--,--,--
running,2016-10-05 15:55:16,false,Chappaqua Running,0.71,74,4:00.4,--,--,0,173,193,5:41,2:03,19,22,1.64,0,0,--,--,--,--,0,--,--,--,--,--,--
running,2016-10-05 15:48:01,false,Chappaqua Running,0.73,78,4:01.5,--,--,0,171,187,5:31,5:03,--,--,1.7,0,0,--,--,--,--,0,--,--,--,--,--,--
running,2016-10-05 15:41:01,false,Chappaqua Running,0.71,75,4:01.2,--,--,0,166,183,5:42,5:22,--,--,1.7,0,0,--,--,--,--,0,--,--,--,--,--,--
running,2016-09-30 15:24:47,false,Running,4.27,463,32:26,--,--,0,164,184,7:36,5:30,--,--,1.29,0,0,--,--,--,--,0,--,--,--,--,--,--
running,2016-09-29 14:06:23,false,Chappaqua Running,5,540,37:22,--,--,0,166,185,7:28,5:03,164,112,1.3,0,0,--,--,--,--,0,--,--,--,--,--,--
running,2016-09-28 16:12:07,false,Chappaqua Running,0.7,74,4:00.7,--,--,0,176,200,5:44,3:44,23,20,1.6,0,0,--,--,--,--,0,--,--,--,--,--,--
running,2016-09-28 16:05:09,false,Chappaqua Running,0.7,73,4:00.1,--,--,0,175,214,5:43,3:56,18,19,1.61,0,0,--,--,--,--,0,--,--,--,--,--,--
running,2016-09-28 15:58:10,false,Chappaqua Running,0.72,75,4:00.5,--,--,0,177,225,5:36,3:48,19,20,1.63,0,0,--,--,--,--,0,--,--,--,--,--,--
running,2016-09-28 15:51:10,false,Chappaqua Running,0.71,77,4:00.4,--,--,0,175,191,5:38,4:12,22,20,1.63,0,0,--,--,--,--,0,--,--,--,--,--,--
running,2016-09-28 15:44:08,false,Chappaqua Running,0.73,79,4:01.7,--,--,0,173,185,5:29,4:59,--,--,1.7,0,0,--,--,--,--,0,--,--,--,--,--,--
running,2016-09-28 15:37:07,false,Chappaqua Running,0.75,81,4:00.5,--,--,0,167,183,5:23,3:25,2,--,1.8,0,0,--,--,--,--,0,--,--,--,--,--,--
running,2016-09-27 15:45:13,false,Chappaqua Running,7.59,820,59:19,--,--,0,164,180,7:49,5:38,503,503,1.26,0,0,--,--,--,--,0,--,--,--,--,--,--
running,2016-09-26 16:05:51,false,Chappaqua Running,0.86,89,5:00.4,--,--,0,173,180,5:50,5:19,--,--,1.6,0,0,--,--,--,--,0,--,--,--,--,--,--
running,2016-09-26 16:00:11,false,Chappaqua Running,0.86,91,5:01.3,--,--,0,171,180,5:50,5:12,--,--,1.62,0,0,--,--,--,--,0,--,--,--,--,--,--
running,2016-09-26 15:54:29,false,Chappaqua Running,0.84,88,5:00.1,--,--,0,168,177,5:58,5:29,--,--,1.6,0,0,--,--,--,--,0,--,--,--,--,--,--
running,2016-09-26 15:48:48,false,Chappaqua Running,0.84,88,5:00.8,--,--,0,168,175,5:59,5:34,--,--,1.6,0,0,--,--,--,--,0,--,--,--,--,--,--
running,2016-09-26 15:43:08,false,Chappaqua Running,0.85,90,5:00.5,--,--,0,169,176,5:54,5:06,--,--,1.61,0,0,--,--,--,--,0,--,--,--,--,--,--
running,2016-09-23 15:40:02,false,Chappaqua Running,4.01,436,31:15,--,--,0,161,169,7:48,5:30,340,399,1.28,0,0,--,--,--,--,0,--,--,--,--,--,--
running,2016-09-22 15:50:27,false,Running,5.13,556,40:23,--,--,0,161,174,7:53,6:38,--,--,1.27,0,0,--,--,--,--,0,--,--,--,--,--,--
running,2016-09-21 16:14:20,false,Chappaqua Running,0.69,74,4:00.5,--,--,0,174,200,5:50,3:44,27,25,1.59,0,0,--,--,--,--,0,--,--,--,--,--,--
running,2016-09-21 16:07:21,false,Chappaqua Running,0.69,73,4:00.0,--,--,0,175,200,5:48,3:33,20,18,1.59,0,0,--,--,--,--,0,--,--,--,--,--,--
running,2016-09-21 16:00:21,false,Chappaqua Running,0.69,76,4:00.4,--,--,0,171,190,5:50,2:42,27,24,1.61,0,0,--,--,--,--,0,--,--,--,--,--,--
running,2016-09-21 15:53:18,false,Chappaqua Running,0.75,80,4:00.9,--,--,0,173,187,5:20,4:25,--,--,1.74,0,0,--,--,--,--,0,--,--,--,--,--,--
running,2016-09-21 15:46:15,false,Running,0.72,78,4:00.5,--,--,0,173,187,5:34,5:10,--,--,1.67,0,0,--,--,--,--,0,--,--,--,--,--,--
running,2016-09-20 15:56:07,false,Chappaqua Running,7.21,778,53:46,--,--,0,163,230,7:27,5:20,336,336,1.33,0,0,--,--,--,--,0,--,--,--,--,--,--
running,2016-09-19 16:03:33,false,Chappaqua Running,0.86,91,5:00.4,--,--,0,166,176,5:47,4:55,--,--,1.67,0,0,--,--,--,--,0,--,--,--,--,--,--
running,2016-09-19 15:57:54,false,Chappaqua Running,0.86,93,5:00.2,--,--,0,167,177,5:48,4:47,--,--,1.66,0,0,--,--,--,--,0,--,--,--,--,--,--
running,2016-09-19 15:52:15,false,Chappaqua Running,0.86,92,5:00.5,--,--,0,167,176,5:49,4:50,--,--,1.65,0,0,--,--,--,--,0,--,--,--,--,--,--
running,2016-09-19 15:46:36,false,Chappaqua Running,0.83,88,5:01.1,--,--,0,165,173,6:04,5:02,--,--,1.61,0,0,--,--,--,--,0,--,--,--,--,--,--
running,2016-09-19 15:40:56,false,Chappaqua Running,0.84,89,5:00.5,--,--,0,170,187,5:59,5:29,--,--,1.58,0,0,--,--,--,--,0,--,--,--,--,--,--
running,2016-09-16 16:15:57,false,Chappaqua Running,0.71,76,4:00.3,--,--,0,171,187,5:40,4:16,17,18,1.66,0,0,--,--,--,--,0,--,--,--,--,--,--
running,2016-09-16 16:08:57,false,Chappaqua Running,0.71,75,4:00.6,--,--,0,174,200,5:40,5:06,16,17,1.64,0,0,--,--,--,--,0,--,--,--,--,--,--
running,2016-09-16 16:01:58,false,Chappaqua Running,0.71,74,4:00.4,--,--,0,172,189,5:39,5:03,29,25,1.65,0,0,--,--,--,--,0,--,--,--,--,--,--
running,2016-09-16 15:53:27,false,Chappaqua Running,0.76,81,4:00.5,--,--,0,176,192,5:17,4:09,--,--,1.73,0,0,--,--,--,--,0,--,--,--,--,--,--
running,2016-09-16 15:46:26,false,Running,0.7,76,4:00.8,--,--,0,175,214,5:43,5:03,--,--,1.61,0,0,--,--,--,--,0,--,--,--,--,--,--
running,2016-09-15 15:52:14,false,Chappaqua Running,5.22,564,39:37,--,--,0,162,174,7:35,5:16,309,308,1.31,0,0,--,--,--,--,0,--,--,--,--,--,--
running,2016-09-15 15:35:58,false,Chappaqua Running,1.04,109,10:25,--,--,0,141,226,10:00,4:21,25,19,1.14,0,0,--,--,--,--,0,--,--,--,--,--,--
running,2016-09-14 16:12:09,false,Chappaqua Running,0.68,73,4:01.0,--,--,0,165,176,5:53,5:00,--,--,1.65,0,0,--,--,--,--,0,--,--,--,--,--,--
running,2016-09-14 16:07:30,false,Chappaqua Running,0.66,70,3:59.8,--,--,0,164,173,6:06,5:19,--,--,1.61,0,0,--,--,--,--,0,--,--,--,--,--,--
running,2016-09-14 16:02:52,false,Chappaqua Running,0.72,73,4:00.4,--,--,0,165,175,5:33,5:19,--,--,1.76,0,0,--,--,--,--,0,--,--,--,--,--,--
running,2016-09-14 15:58:16,false,Chappaqua Running,0.64,67,4:00.7,--,--,0,167,176,6:15,5:53,--,--,1.54,0,0,--,--,--,--,0,--,--,--,--,--,--
running,2016-09-12 15:51:27,false,Chappaqua Running,4.32,459,35:33,--,--,0,158,166,8:13,5:18,169,153,1.24,0,0,--,--,--,--,0,--,--,--,--,--,--
running,2016-09-12 15:36:29,false,Chappaqua Running,1.04,113,8:01.4,--,--,0,159,170,7:42,5:38,--,16,1.31,0,0,--,--,--,--,0,--,--,--,--,--,--
running,2016-09-09 16:02:03,false,Chappaqua Running,0.67,70,4:00.3,--,--,0,168,176,5:58,5:36,--,--,1.61,0,0,--,--,--,--,0,--,--,--,--,--,--
running,2016-09-09 15:57:20,false,Chappaqua Running,0.64,68,3:59.7,--,--,0,164,176,6:12,5:45,--,--,1.58,0,0,--,--,--,--,0,--,--,--,--,--,--
running,2016-09-09 15:52:41,false,Chappaqua Running,0.66,69,4:00.5,--,--,0,165,176,6:02,5:42,--,--,1.61,0,0,--,--,--,--,0,--,--,--,--,--,--
running,2016-09-09 15:47:59,false,Chappaqua Running,0.67,71,4:00.8,--,--,0,168,181,5:58,4:50,--,--,1.61,0,0,--,--,--,--,0,--,--,--,--,--,--
running,2016-09-09 15:43:21,false,Chappaqua Running,0.65,68,4:00.8,--,--,0,167,175,6:09,3:29,--,--,1.57,0,0,--,--,--,--,0,--,--,--,--,--,--
running,2016-09-09 15:23:17,false,Chappaqua Running,0.99,113,8:50.7,--,--,0,157,164,8:55,3:00,11,--,1.15,0,0,--,--,--,--,0,--,--,--,--,--,--
running,2016-09-08 15:51:54,false,Chappaqua Running,5.08,555,38:21,--,--,0,159,173,7:33,3:27,355,340,1.34,0,0,--,--,--,--,0,--,--,--,--,--,--
running,2016-09-07 16:17:07,false,Chappaqua Running,0.82,86,5:00.2,--,--,0,164,173,6:08,5:27,--,--,1.6,0,0,--,--,--,--,0,--,--,--,--,--,--
running,2016-09-07 16:11:07,false,Chappaqua Running,0.82,86,5:00.5,--,--,0,165,176,6:06,5:43,--,--,1.6,0,0,--,--,--,--,0,--,--,--,--,--,--
running,2016-09-07 16:05:09,false,Chappaqua Running,0.83,86,5:00.3,--,--,0,167,180,6:01,5:46,--,--,1.6,0,0,--,--,--,--,0,--,--,--,--,--,--
running,2016-09-07 15:59:09,false,Chappaqua Running,0.83,86,5:03.8,--,--,0,167,174,6:04,5:46,--,--,1.59,0,0,--,--,--,--,0,--,--,--,--,--,--
running,2016-09-07 15:53:10,false,Chappaqua Running,0.83,86,5:01.7,--,--,0,167,178,6:04,5:27,--,--,1.59,0,0,--,--,--,--,0,--,--,--,--,--,--
running,2016-09-07 15:26:41,false,Chappaqua Running,0.82,92,6:33.0,--,--,0,160,176,8:00,2:00,14,--,1.26,0,0,--,--,--,--,0,--,--,--,--,--,--
running,2016-09-06 15:59:14,false,Chappaqua Running,3.63,388,26:59,--,--,0,160,214,7:26,5:39,271,262,1.35,0,0,--,--,--,--,0,--,--,--,--,--,--
running,2016-09-06 15:39:17,false,Running,0.91,98,6:36.7,--,--,0,162,187,7:18,4:48,--,--,1.36,0,0,--,--,--,--,0,--,--,--,--,--,--
running,2016-09-02 07:27:03,false,Geneseo Running,4.12,447,31:19,--,--,0,164,193,7:36,4:40,155,142,1.3,0,0,--,--,--,--,0,--,--,--,--,--,--
running,2016-08-31 16:49:58,false,Tarrytown Running,8.22,886,1:05:29,--,--,0,162,192,7:58,4:27,693,727,1.24,0,0,--,--,--,--,0,--,--,--,--,--,--
running,2016-08-31 16:36:09,false,Tarrytown Running,1.08,119,8:51.9,--,--,0,159,166,8:13,4:11,114,90,1.23,0,0,--,--,--,--,0,--,--,--,--,--,--
running,2016-08-30 16:57:41,false,Tarrytown Running,5.41,578,41:36,--,--,0,164,187,7:41,4:45,307,313,1.27,0,0,--,--,--,--,0,--,--,--,--,--,--
running,2016-08-26 10:19:26,false,Briarcliff Manor Running,1.93,203,15:10,--,--,0,161,170,7:53,5:15,149,171,1.27,0,0,--,--,--,--,0,--,--,--,--,--,--
running,2016-08-26 09:51:26,false,Briarcliff Manor Running,3.84,413,27:01,--,--,0,165,177,7:02,6:14,267,282,1.39,0,0,--,--,--,--,0,--,--,--,--,--,--
running,2016-08-26 09:37:30,false,Running,1.18,127,9:29.3,--,--,0,157,163,8:03,7:23,--,--,1.27,0,0,--,--,--,--,0,--,--,--,--,--,--
running,2016-08-24 09:47:34,false,Tarrytown Running,6.32,682,48:12,--,--,0,162,187,7:37,4:15,524,552,1.3,0,0,--,--,--,--,0,--,--,--,--,--,--
running,2016-08-24 09:31:49,false,Tarrytown Running,1.11,118,10:27,--,--,0,142,200,9:25,4:26,98,89,1.2,0,0,--,--,--,--,0,--,--,--,--,--,--
running,2016-08-23 10:03:39,false,Tarrytown Running,4.67,497,37:18,--,--,0,160,174,7:59,3:53,392,421,1.26,0,0,--,--,--,--,0,--,--,--,--,--,--
running,2016-08-22 10:05:26,false,Running,5.99,648,47:26,--,--,0,158,168,7:55,6:18,--,--,1.28,0,0,--,--,--,--,0,--,--,--,--,--,--
running,2016-08-18 18:17:01,false,Tarrytown Running,5.39,583,42:06,--,--,0,160,183,7:49,5:48,402,409,1.28,0,0,--,--,--,--,0,--,--,--,--,--,--
running,2016-08-17 18:18:52,false,Tarrytown Running,3.72,394,24:55,--,--,0,165,219,6:42,4:53,243,246,1.45,0,0,--,--,--,--,0,--,--,--,--,--,--
running,2016-08-12 23:41:42,false,Mount Kisco Running,0.01,1,1:31.9,--,--,0,--,--,--,6:55,--,--,0,0,0,--,--,--,--,0,--,--,--,--,--,--
running,2016-08-12 18:06:46,false,Tarrytown Running,3.3,342,23:26,--,--,0,161,171,7:05,1:50,112,125,1.41,0,0,--,--,--,--,0,--,--,--,--,--,--
running,2016-08-10 18:15:07,false,Tarrytown Running,3.71,394,27:22,--,--,0,165,183,7:23,5:38,257,250,1.32,0,0,--,--,--,--,0,--,--,--,--,--,--
running,2016-08-09 18:14:40,false,Tarrytown Running,4.97,534,36:21,--,--,0,163,174,7:19,4:16,410,419,1.35,0,0,--,--,--,--,0,--,--,--,--,--,--
running,2016-08-08 18:23:08,false,Tarrytown Running,3.68,398,27:27,--,--,0,161,172,7:27,5:10,28,139,1.34,0,0,--,--,--,--,0,--,--,--,--,--,--
running,2016-08-04 18:19:20,false,Tarrytown Running,5.83,627,45:01,--,--,0,165,178,7:44,6:29,366,360,1.26,0,0,--,--,--,--,0,--,--,--,--,--,--
running,2016-08-03 18:18:42,false,Tarrytown Running,3.4,365,23:29,--,--,0,163,172,6:54,5:07,242,252,1.43,0,0,--,--,--,--,0,--,--,--,--,--,--
running,2016-08-02 16:44:41,false,Chappaqua Running,0.51,57,3:35.1,--,--,0,154,157,6:58,4:08,--,--,1.5,0,0,--,--,--,--,0,--,--,--,--,--,--
running,2016-07-31 10:30:13,false,Chappaqua Running,4.81,513,37:20,--,--,0,156,164,7:46,6:24,335,319,1.33,0,0,--,--,--,--,0,--,--,--,--,--,--
running,2016-07-28 18:43:29,false,Chappaqua Running,4.48,482,34:11,--,--,0,157,185,7:38,3:11,314,297,1.35,0,0,--,--,--,--,0,--,--,--,--,--,--
running,2016-07-27 17:30:41,false,Mount Kisco Running,0.11,8,0:25.5,--,--,0,190,230,3:55,3:31,--,--,2.16,0,0,--,--,--,--,0,--,--,--,--,--,--
running,2016-07-27 16:54:02,false,Mount Kisco Running,3.66,390,31:11,--,--,0,151,162,8:31,2:01,469,487,1.25,0,0,--,--,--,--,0,--,--,--,--,--,--
running,2016-07-26 16:19:40,false,Chappaqua Running,3.18,336,29:32,--,--,0,151,185,9:18,4:25,272,281,1.15,0,0,--,--,--,--,0,--,--,--,--,--,--
running,2016-07-23 17:44:00,false,Running,3.16,339,26:37,--,--,0,152,162,8:25,7:56,--,--,1.26,0,0,--,--,--,--,0,--,--,--,--,--,--
running,2016-07-21 18:35:20,false,Mount Kisco Running,0.11,8,0:28.3,--,--,0,158,214,4:29,4:08,--,--,2.27,0,0,--,--,--,--,0,--,--,--,--,--,--
running,2016-07-21 17:56:44,false,Mount Kisco Running,4.32,469,35:23,--,--,0,155,166,8:11,4:03,597,612,1.27,0,0,--,--,--,--,0,--,--,--,--,--,--
running,2016-07-20 16:51:47,false,Mount Kisco Running,0.11,8,0:25.5,--,--,0,163,223,3:56,3:17,--,--,2.5,0,0,--,--,--,--,0,--,--,--,--,--,--
running,2016-07-20 16:18:14,false,Mount Kisco Running,3.55,378,29:14,--,--,0,154,230,8:14,1:51,365,399,1.27,0,0,--,--,--,--,0,--,--,--,--,--,--
running,2016-07-20 10:11:55,false,Running,1.03,109,8:27.8,--,--,0,149,157,8:15,7:37,--,--,1.31,0,0,--,--,--,--,0,--,--,--,--,--,--
running,2016-06-27 08:39:48,false,Tarrytown Running,4.27,458,35:27,--,--,0,156,216,8:18,5:38,96,44,1.25,0,0,--,--,--,--,0,--,--,--,--,--,--
running,2016-06-20 17:02:50,false,Running,0.09,8,0:29.0,--,--,0,174,211,5:08,3:21,--,--,1.8,0,0,--,--,--,--,0,--,--,--,--,--,--
running,2016-06-20 16:38:25,false,Running,2.55,274,20:56,--,--,0,150,159,8:13,7:03,--,--,1.3,0,0,--,--,--,--,0,--,--,--,--,--,--
running,2016-06-16 14:53:17,false,Chappaqua Running,1.57,172,12:07,--,--,0,151,165,7:43,2:58,107,92,1.39,0,0,--,--,--,--,0,--,--,--,--,--,--
running,2016-06-14 08:01:41,false,Chappaqua Running,1.42,14,2:24:16,--,--,0,1,120,--,7:46,--,--,13.86,0,0,--,--,--,--,0,--,--,--,--,--,--
running,2016-05-26 16:27:03,false,Chappaqua Running,0.06,4,0:13.7,--,--,0,96,120,3:41,3:17,--,--,4.55,0,0,--,--,--,--,0,--,--,--,--,--,--
running,2016-05-26 15:49:24,false,Chappaqua Running,3.12,346,23:16,--,--,0,155,164,7:27,5:19,154,166,1.39,0,0,--,--,--,--,0,--,--,--,--,--,--
running,2016-05-19 19:39:05,false,Running,1.56,171,11:12,--,--,0,163,174,7:11,5:44,--,--,1.37,0,0,--,--,--,--,0,--,--,--,--,--,--
running,2016-05-19 16:07:46,false,Chappaqua Running,2.02,217,16:18,--,--,0,161,176,8:04,6:31,207,110,1.24,0,0,--,--,--,--,0,--,--,--,--,--,--
running,2016-05-18 16:07:13,false,Chappaqua Running,1.65,181,13:53,--,--,0,158,164,8:26,6:10,25,20,1.21,0,0,--,--,--,--,0,--,--,--,--,--,--
running,2016-05-17 15:45:33,false,Chappaqua Running,1.78,137,21:58,--,--,0,77,231,12:20,2:01,--,3,1.7,0,0,--,--,--,--,0,--,--,--,--,--,--
running,2016-05-16 20:06:16,false,Running,5.58,618,42:57,--,--,0,161,174,7:42,5:39,--,--,1.3,0,0,--,--,--,--,0,--,--,--,--,--,--
running,2016-05-13 15:35:16,false,Chappaqua Running,3.83,428,29:03,--,--,0,162,173,7:35,5:25,102,80,1.31,0,0,--,--,--,--,0,--,--,--,--,--,--
running,2016-05-12 15:38:48,false,Chappaqua Running,5.8,638,45:08,--,--,0,159,200,7:47,5:48,248,187,1.3,0,0,--,--,--,--,0,--,--,--,--,--,--
running,2016-05-10 15:37:24,false,Chappaqua Running,7.06,775,55:15,--,--,0,161,243,7:50,5:47,414,402,1.28,0,0,--,--,--,--,0,--,--,--,--,--,--
running,2016-05-09 16:16:20,false,Chappaqua Running,0.96,104,5:59.0,--,--,0,165,176,6:12,5:30,--,--,1.57,0,0,--,--,--,--,0,--,--,--,--,--,--
running,2016-05-09 16:09:03,false,Chappaqua Running,0.98,105,5:55.2,--,--,0,165,181,6:01,5:24,--,--,1.62,0,0,--,--,--,--,0,--,--,--,--,--,--
running,2016-05-09 16:01:46,false,Chappaqua Running,0.94,102,5:48.9,--,--,0,165,171,6:11,3:30,--,--,1.58,0,0,--,--,--,--,0,--,--,--,--,--,--
running,2016-05-05 15:45:35,false,Chappaqua Running,5.63,621,42:46,--,--,0,165,176,7:36,6:08,382,370,1.29,0,0,--,--,--,--,0,--,--,--,--,--,--
running,2016-05-04 15:43:05,false,Chappaqua Running,3.75,357,33:38,--,--,0,113,207,8:58,4:10,--,3,1.58,0,0,--,--,--,--,0,--,--,--,--,--,--
running,2016-05-03 19:39:12,false,Running,6.49,719,49:29,--,--,0,165,197,7:38,5:04,--,--,1.28,0,0,--,--,--,--,0,--,--,--,--,--,--
running,2016-04-28 15:49:43,false,Chappaqua Running,6.21,687,48:43,--,--,0,164,175,7:51,5:30,388,379,1.25,0,0,--,--,--,--,0,--,--,--,--,--,--
running,2016-04-27 15:38:45,false,Chappaqua Running,2.56,271,21:31,--,--,0,122,193,8:25,4:41,--,--,1.57,0,0,--,--,--,--,0,--,--,--,--,--,--
running,2016-04-26 15:42:10,false,Chappaqua Running,5.93,655,45:34,--,--,0,164,174,7:41,5:21,270,268,1.27,0,0,--,--,--,--,0,--,--,--,--,--,--
running,2016-04-25 16:22:16,false,Chappaqua Running,0.72,54,7:56.4,--,--,0,88,210,11:02,3:36,--,--,1.66,0,0,--,--,--,--,0,--,--,--,--,--,--
running,2016-04-21 15:41:02,false,Chappaqua Running,4.02,448,31:20,--,--,0,160,170,7:47,6:26,138,140,1.29,0,0,--,--,--,--,0,--,--,--,--,--,--
running,2016-04-15 16:08:53,false,Chappaqua Running,0.74,78,4:21.0,--,--,0,167,174,5:52,5:25,--,--,1.64,0,0,--,--,--,--,0,--,--,--,--,--,--
running,2016-04-15 16:01:18,false,Chappaqua Running,0.99,103,5:53.0,--,--,0,168,176,5:56,5:26,--,--,1.62,0,0,--,--,--,--,0,--,--,--,--,--,--
running,2016-04-15 15:54:02,false,Chappaqua Running,0.96,101,5:54.1,--,--,0,167,176,6:07,5:48,--,--,1.58,0,0,--,--,--,--,0,--,--,--,--,--,--
running,2016-04-15 15:46:45,false,Chappaqua Running,0.95,102,5:55.1,--,--,0,165,175,6:14,5:36,--,--,1.56,0,0,--,--,--,--,0,--,--,--,--,--,--
running,2016-04-14 15:57:45,false,Chappaqua Running,6.02,661,45:18,--,--,0,161,170,7:32,6:06,352,349,1.33,0,0,--,--,--,--,0,--,--,--,--,--,--
running,2016-04-13 15:56:54,false,Chappaqua Running,8.1,899,1:00:12,--,--,0,161,170,7:26,0:59,224,227,1.35,0,0,--,--,--,--,0,--,--,--,--,--,--
running,2016-04-12 15:21:53,false,Chappaqua Running,0.24,26,1:19.3,--,--,0,157,179,5:25,5:08,--,--,1.9,0,0,--,--,--,--,0,--,--,--,--,--,--
running,2016-03-31 19:50:42,false,Running,4.81,535,36:20,--,--,0,160,210,7:33,3:20,--,--,1.33,0,0,--,--,--,--,0,--,--,--,--,--,--
running,2016-03-29 16:03:02,false,Chappaqua Running,5.09,560,37:55,--,--,0,161,170,7:27,5:47,276,270,1.34,0,0,--,--,--,--,0,--,--,--,--,--,--
running,2016-03-28 16:01:28,false,Chappaqua Running,6.47,710,48:17,--,--,0,161,170,7:28,6:42,433,427,1.34,0,0,--,--,--,--,0,--,--,--,--,--,--
running,2016-03-16 15:52:52,false,Chappaqua Running,5.19,572,39:28,--,--,0,162,171,7:36,4:10,377,375,1.31,0,0,--,--,--,--,0,--,--,--,--,--,--
running,2016-03-15 16:11:10,false,Chappaqua Running,0.73,77,4:35.6,--,--,0,164,172,6:19,5:53,--,--,1.55,0,0,--,--,--,--,0,--,--,--,--,--,--
running,2016-03-15 16:05:24,false,Chappaqua Running,0.73,80,4:45.2,--,--,0,161,170,6:29,5:59,--,--,1.54,0,0,--,--,--,--,0,--,--,--,--,--,--
running,2016-03-15 15:59:38,false,Chappaqua Running,0.73,79,4:45.3,--,--,0,162,176,6:31,5:56,--,--,1.52,0,0,--,--,--,--,0,--,--,--,--,--,--
running,2016-03-15 15:53:55,false,Chappaqua Running,0.74,80,4:45.7,--,--,0,163,166,6:28,5:51,--,--,1.53,0,0,--,--,--,--,0,--,--,--,--,--,--
running,2016-03-14 15:54:10,false,Chappaqua Running,5.49,604,43:29,--,--,0,158,170,7:55,5:19,319,315,1.29,0,0,--,--,--,--,0,--,--,--,--,--,--
running,2016-03-10 20:46:56,false,Running,4.1,456,32:05,--,--,0,161,170,7:49,5:59,--,--,1.28,0,0,--,--,--,--,0,--,--,--,--,--,--
running,2016-03-09 15:45:24,false,Chappaqua Running,4.01,429,31:27,--,--,0,162,193,7:51,4:21,234,240,1.27,0,0,--,--,--,--,0,--,--,--,--,--,--
running,2016-03-07 20:42:52,false,Running,0.85,93,6:16.6,--,--,0,158,171,7:22,6:03,--,--,1.38,0,0,--,--,--,--,0,--,--,--,--,--,--
running,2016-03-07 16:01:34,false,Chappaqua Running,3.77,409,27:13,--,--,0,158,211,7:13,5:50,269,262,1.41,0,0,--,--,--,--,0,--,--,--,--,--,--
running,2016-02-27 15:36:41,false,Running,3.57,392,30:16,--,--,0,156,165,8:28,7:49,--,--,1.22,0,0,--,--,--,--,0,--,--,--,--,--,--
running,2016-02-22 14:55:21,false,Chappaqua Running,3.26,358,24:45,--,--,0,154,168,7:35,4:01,157,149,1.37,0,0,--,--,--,--,0,--,--,--,--,--,--
running,2015-11-03 16:37:43,false,Mount Kisco Running,2.42,265,20:44,--,--,0,152,240,8:34,1:49,241,257,1.24,0,0,--,--,--,--,0,--,--,--,--,--,--
running,2015-11-02 15:54:10,false,Chappaqua Running,0.6,64,3:29.8,--,--,0,163,172,5:49,5:31,--,--,1.7,0,0,--,--,--,--,0,--,--,--,--,--,--
running,2015-11-02 15:50:01,false,Chappaqua Running,0.59,64,3:29.9,--,--,0,165,174,5:55,5:28,--,--,1.65,0,0,--,--,--,--,0,--,--,--,--,--,--
running,2015-11-02 15:45:47,false,Chappaqua Running,0.56,61,3:30.4,--,--,0,168,183,6:13,5:32,--,--,1.54,0,0,--,--,--,--,0,--,--,--,--,--,--
running,2015-11-02 15:41:28,false,Chappaqua Running,0.56,60,3:30.6,--,--,0,164,172,6:15,5:38,--,--,1.57,0,0,--,--,--,--,0,--,--,--,--,--,--
running,2015-10-31 17:02:22,false,Mount Kisco Running,1.94,209,16:24,--,--,0,150,187,8:26,4:53,60,27,1.27,0,0,--,--,--,--,0,--,--,--,--,--,--
running,2015-10-30 16:14:21,false,Chappaqua Running,0.12,11,0:35.4,--,--,0,155,184,4:59,4:28,--,--,2.09,0,0,--,--,--,--,0,--,--,--,--,--,--
running,2015-10-30 16:11:20,false,Chappaqua Running,0.12,12,0:37.0,--,--,0,155,189,5:08,4:01,--,--,2.03,0,0,--,--,--,--,0,--,--,--,--,--,--
running,2015-10-30 16:08:25,false,Chappaqua Running,0.12,12,0:36.1,--,--,0,158,195,5:13,4:05,--,--,1.95,0,0,--,--,--,--,0,--,--,--,--,--,--
running,2015-10-30 16:05:25,false,Chappaqua Running,0.12,12,0:37.1,--,--,0,169,189,4:59,3:21,--,--,1.92,0,0,--,--,--,--,0,--,--,--,--,--,--
running,2015-10-30 15:57:05,false,Chappaqua Running,0.54,57,3:02.0,--,--,0,170,179,5:39,4:59,--,--,1.68,0,0,--,--,--,--,0,--,--,--,--,--,--
running,2015-10-30 15:52:06,false,Chappaqua Running,0.54,60,3:02.8,--,--,0,172,183,5:36,4:55,--,--,1.67,0,0,--,--,--,--,0,--,--,--,--,--,--
running,2015-10-30 15:47:06,false,Chappaqua Running,0.53,57,3:03.2,--,--,0,168,179,5:47,5:01,--,--,1.66,0,0,--,--,--,--,0,--,--,--,--,--,--
running,2015-10-19 16:11:45,false,Chappaqua Running,0.67,71,4:00.4,--,--,0,164,174,6:01,5:22,--,--,1.63,0,0,--,--,--,--,0,--,--,--,--,--,--
running,2015-10-19 16:07:05,false,Chappaqua Running,0.64,68,3:59.6,--,--,0,167,174,6:13,5:56,--,--,1.55,0,0,--,--,--,--,0,--,--,--,--,--,--
running,2015-10-19 16:02:24,false,Chappaqua Running,0.65,70,3:59.8,--,--,0,164,174,6:10,5:42,--,--,1.59,0,0,--,--,--,--,0,--,--,--,--,--,--
running,2015-10-19 15:57:44,false,Chappaqua Running,0.66,71,4:00.9,--,--,0,165,173,6:03,5:25,--,--,1.62,0,0,--,--,--,--,0,--,--,--,--,--,--
running,2015-10-19 15:53:08,false,Chappaqua Running,0.64,69,4:01.4,--,--,0,162,174,6:15,5:49,--,--,1.6,0,0,--,--,--,--,0,--,--,--,--,--,--
running,2015-10-14 16:19:22,false,Chappaqua Running,0.7,75,4:01.0,--,--,0,171,188,5:46,5:07,15,19,1.63,0,0,--,--,--,--,0,--,--,--,--,--,--
running,2015-10-14 16:12:18,false,Chappaqua Running,0.64,68,3:37.3,--,--,0,169,187,5:39,1:48,--,18,1.69,0,0,--,--,--,--,0,--,--,--,--,--,--
running,2015-10-14 16:05:16,false,Chappaqua Running,0.69,75,4:01.3,--,--,0,167,187,5:49,4:51,18,18,1.65,0,0,--,--,--,--,0,--,--,--,--,--,--
running,2015-10-14 15:58:16,false,Chappaqua Running,0.68,75,4:01.0,--,--,0,170,196,5:55,4:03,17,18,1.6,0,0,--,--,--,--,0,--,--,--,--,--,--
running,2015-10-13 15:52:49,false,Chappaqua Running,7.31,805,54:05,--,--,0,163,219,7:24,6:04,472,473,1.33,0,0,--,--,--,--,0,--,--,--,--,--,--
